AGS,Turbine_Count,Total_Bruttoleistung_kW,Total_Nettoleistung_kW,Landkreis_Names
01001,25,69110,69110,Flensburg
01002,1,75,75,Kiel
01003,17,14650,14650,Lübeck
01004,1,9.66,9.66,Neumünster
01051,886,2249044.64,2249044.64,Dithmarschen
01053,65,105086,105086,Herzogtum Lauenburg
01054,961,2426011.6,2426011.6,Nordfriesland
01055,332,731612,731612,Ostholstein
01056,16,30918,30918,Pinneberg
01057,41,42770,42770,Plön
01058,217,557461.9,557461.9,Rendsburg-Eckernförde
01059,491,1210615.7,1210615.7,Schleswig-Flensburg
01060,83,207258.3,207258.3,Segeberg
01061,320,808181.1,808181.1,Steinburg
01062,41,70182.5,70182.5,Stormarn
02000,71,125499.8,125499.8,Hamburg
03101,5,7100,7100,Braunschweig
03102,66,146730,146730,Salzgitter
03103,10,5216,5216,Wolfsburg
03151,95,236700,236700,Gifhorn
03152,10,27050,27050,Göttingen
03153,23,49582.5,49582.5,Goslar
03154,64,120100,120100,Helmstedt
03155,41,68100,68100,Northeim
03157,100,220280,220280,Peine
03158,80,177540,177540,Wolfenbüttel
03159,56,86950,86950,Göttingen
03241,259,440077.9,440077.9,Region Hannover
03251,407,841451.2,841451.2,Diepholz
03252,77,169105.6,169105.6,Hameln-Pyrmont
03254,82,150700.6,150700.6,Hildesheim
03255,39,51250,51250,Holzminden
03256,225,402995.9,402995.9,Nienburg (Weser)
03257,40,43250,43250,Schaumburg
03351,98,164300,164300,Celle
03352,524,808131.2,808131.2,Cuxhaven
03353,109,238504.5,238504.5,Harburg
03354,71,102200,102200,Lüchow-Dannenberg
03355,115,265540,265540,Lüneburg
03356,80,135440,135440,Osterholz
03357,241,546505.6,546505.6,Rotenburg (Wümme)
03358,167,358350.6,358350.6,Heidekreis
03359,211,458165.2,458165.2,Stade
03360,140,370810,370810,Uelzen
03361,93,202583.5,202583.5,Verden
03401,8,17850,17850,Delmenhorst
03402,84,193510,193510,Emden
03403,8,15800,15800,Oldenburg (Oldb)
03404,6,10200,10200,Osnabrück
03405,46,101359.6,101359.6,Wilhelmshaven
03451,59,88545,88545,Ammerland
03452,637,1060749.9,1060749.9,Aurich
03453,269,490531.3,490531.3,Cloppenburg
03454,505,1135044.2,1135044.2,Emsland
03455,194,333302.9,333302.9,Friesland
03456,90,194619.8,194619.8,Grafschaft Bentheim
03457,114,229434,229434,Leer
03458,120,319130,319130,Oldenburg
03459,212,497464,497464,Osnabrück
03460,73,167110,167110,Vechta
03461,198,418977.5,418977.5,Wesermarsch
03462,188,366467.8,366467.8,Wittmund
04011,73,135774,135774,Bremen
04012,19,66240,66240,Bremerhaven
05112,1,2300,2300,Duisburg
05114,17,20151,20151,Krefeld
05116,18,42509.9,42509.9,Mönchengladbach
05119,1,1,1,Oberhausen
05120,2,1505.5,1505.5,Remscheid
05122,2,4600,4600,Solingen
05124,8,9402,9402,Wuppertal
05154,207,372746.3,372746.3,Kleve
05158,5,2835,2835,Mettmann
05162,96,246621.5,246621.5,Rhein-Kreis Neuss
05166,34,61682.5,61682.5,Viersen
05170,63,126056,126056,Wesel
05315,7,16550,16550,Köln
05334,104,235513,235513,Städteregion Aachen
05358,193,453140.5,453140.5,Düren
05362,40,77916,77916,Rhein-Erft-Kreis
05366,121,241165,241165,Euskirchen
05370,128,281040,281040,Heinsberg
05374,19,19900,19900,Oberbergischer Kreis
05378,2,275.6,275.6,Rheinisch-Bergischer Kreis
05382,5,3209.5,3209.5,Rhein-Sieg-Kreis
05512,9,16170,16170,Bottrop
05513,2,4600,4600,Gelsenkirchen
05515,47,98550,98550,Münster
05554,311,642135.3,642135.3,Borken
05558,116,266230,266230,Coesfeld
05562,71,169632,169632,Recklinghausen
05566,298,577348.5,577348.5,Steinfurt
05570,179,302755,302755,Warendorf
05711,7,15300,15300,Bielefeld
05754,49,99176,99176,Gütersloh
05758,26,36024.5,36024.5,Herford
05762,371,658120.3,658120.3,Höxter
05766,102,166477.5,166477.5,Lippe
05770,75,67943.6,67943.6,Minden-Lübbecke
05774,485,1098587.4,1098587.4,Paderborn
05913,8,12300,12300,Dortmund
05914,13,18200,18200,Hagen
05915,31,50108.5,50108.5,Hamm
05954,9,5642.5,5642.5,Ennepe-Ruhr-Kreis
05958,85,195300.5,195300.5,Hochsauerlandkreis
05962,30,34910,34910,Märkischer Kreis
05966,22,25600.9,25600.9,Olpe
05970,39,89158.6,89158.6,Siegen-Wittgenstein
05974,229,249656.1,249656.1,Soest
05978,46,53000,53000,Unna
06414,1,800,800,Wiesbaden
06431,15,48750,48750,Bergstraße
06432,15,25367,25367,Darmstadt-Dieburg
06434,13,33480,33480,Hochtaunuskreis
06435,113,298835,298835,Main-Kinzig-Kreis
06437,17,45625,45625,Odenwaldkreis
06439,25,62250,62250,Rheingau-Taunus-Kreis
06440,29,45800,45800,Wetteraukreis
06531,19,49420,49420,Gießen
06532,68,149237.25,149237.25,Lahn-Dill-Kreis
06533,42,99810.3,99810.3,Limburg-Weilburg
06534,93,211160,211160,Marburg-Biedenkopf
06535,263,493859.8,493859.8,Vogelsbergkreis
06611,4,7150,7150,Kassel
06631,24,61242,61242,Fulda
06632,81,233940,233940,Hersfeld-Rotenburg
06633,137,216734,216734,Kassel
06634,44,97002,97002,Schwalm-Eder-Kreis
06635,140,223511.18,223511.18,Waldeck-Frankenberg
06636,39,103458.5,103458.5,Werra-Meißner-Kreis
07111,2,2,2,Koblenz
07131,10,15690,15690,Ahrweiler
07132,8,19300,19300,Altenkirchen (Westerwald)
07133,66,162530,162530,Bad Kreuznach
07134,74,153274.1,153274.1,Birkenfeld
07135,80,150090,150090,Cochem-Zell
07137,26,58282,58282,Mayen-Koblenz
07138,2,6.6,6.6,Neuwied
07140,281,733205,733205,Rhein-Hunsrück-Kreis
07141,15,10979.8,10979.8,Rhein-Lahn-Kreis
07143,101,165650,165650,Westerwaldkreis
07231,66,207054,207054,Bernkastel-Wittlich
07232,273,464968.1,464968.1,Eifelkreis Bitburg-Prüm
07233,109,180750,180750,Vulkaneifel
07235,93,193400,193400,Trier-Saarburg
07315,8,15900,15900,Mainz
07316,2,3000,3000,Neustadt an der Weinstraße
07317,2,6600,6600,Pirmasens
07319,11,27000,27000,Worms
07331,167,443870,443870,Alzey-Worms
07332,12,27010,27010,Bad Dürkheim
07333,99,293095,293095,Donnersbergkreis
07334,30,75200,75200,Germersheim
07335,51,107275,107275,Kaiserslautern
07336,65,168515,168515,Kusel
07337,20,46530,46530,Südliche Weinstraße
07338,19,40100,40100,Rhein-Pfalz-Kreis
07339,62,119321.3,119321.3,Mainz-Bingen
07340,47,116860,116860,Südwestpfalz
08111,1,0.6,0.6,Stuttgart
08116,5,2252.5,2252.5,Esslingen
08117,54,118870,118870,Göppingen
08118,6,3004.5,3004.5,Ludwigsburg
08119,9,21711,21711,Rems-Murr-Kreis
08125,25,72205.5,72205.5,Heilbronn
08126,20,55601,55601,Hohenlohekreis
08127,109,301451,301451,Schwäbisch Hall
08128,151,274226.5,274226.5,Main-Tauber-Kreis
08135,53,139462.043,139462.043,Heidenheim
08136,81,202765,202765,Ostalbkreis
08211,1,1,1,Baden-Baden
08212,3,3110,3110,Karlsruhe
08215,2,2095,2095,Karlsruhe
08216,2,6.5,6.5,Rastatt
08222,1,9.8,9.8,Mannheim
08225,42,107130,107130,Neckar-Odenwald-Kreis
08226,2,10,10,Rhein-Neckar-Kreis
08231,1,5,5,Pforzheim
08235,26,61110,61110,Calw
08237,14,20900,20900,Freudenstadt
08311,4,7200,7200,Freiburg im Breisgau
08315,17,24792.8,24792.8,Breisgau-Hochschwarzwald
08316,22,32668.5,32668.5,Emmendingen
08317,46,115283.7,115283.7,Ortenaukreis
08325,26,39581.5,39581.5,Rottweil
08326,10,12245,12245,Schwarzwald-Baar-Kreis
08327,16,40800,40800,Tuttlingen
08335,4,9902.8,9902.8,Konstanz
08336,11,26901.8,26901.8,Lörrach
08337,5,20.3,20.3,Waldshut
08415,9,7550.6,7550.6,Reutlingen
08416,1,0.6,0.6,Tübingen
08417,6,6015.4,6015.4,Zollernalbkreis
08421,13,24000,24000,Ulm
08425,32,37242,37242,Alb-Donau-Kreis
08426,7,3738.5,3738.5,Biberach
08436,7,3015.6,3015.6,Ravensburg
08437,11,23651,23651,Sigmaringen
09162,3,5001,5001,München
09163,1,20,20,Rosenheim
09173,1,9.9,9.9,Bad Tölz-Wolfratshausen
09174,9,20528,20528,Dachau
09175,6,2314.9,2314.9,Ebersberg
09176,53,120153.47,120153.47,Eichstätt
09177,13,96.28,96.28,Erding
09178,3,5330,5330,Freising
09179,3,6106,6106,Fürstenfeldbruck
09181,8,16007.3,16007.3,Landsberg am Lech
09182,1,7.5,7.5,Miesbach
09183,1,4.5,4.5,Mühldorf a. Inn
09184,4,39,39,München
09185,5,5880,5880,Neuburg-Schrobenhausen
09186,13,28352.8,28352.8,Pfaffenhofen a.d. Ilm
09187,1,5.5,5.5,Rosenheim
09188,5,12040,12040,Starnberg
09189,8,5346.3,5346.3,Traunstein
09190,3,619.4,619.4,Weilheim-Schongau
09271,1,6.5,6.5,Deggendorf
09272,7,231.6,231.6,Freyung-Grafenau
09273,6,4958,4958,Kelheim
09274,11,14497.4,14497.4,Landshut
09275,8,623.54,623.54,Passau
09276,3,46.5,46.5,Regen
09277,8,2150.8,2150.8,Rottal-Inn
09278,4,11407.2,11407.2,Straubing-Bogen
09279,5,1520,1520,Dingolfing-Landau
09362,1,500,500,Regensburg
09371,28,66049.9,66049.9,Amberg-Sulzbach
09372,9,796.1,796.1,Cham
09373,67,159969.5,159969.5,Neumarkt i.d. OPf.
09374,8,10810,10810,Neustadt a.d. Waldnaab
09375,14,29656.3,29656.3,Regensburg
09376,12,30001.55,30001.55,Schwandorf
09377,18,31810.6,31810.6,Tirschenreuth
09471,35,84675,84675,Bamberg
09472,51,125900,125900,Bayreuth
09473,13,26353.7,26353.7,Coburg
09474,1,1500,1500,Forchheim
09475,117,251667.5,251667.5,Hof
09476,17,27409.5,27409.5,Kronach
09477,31,67304.38,67304.38,Kulmbach
09478,6,12506,12506,Lichtenfels
09479,29,61295.3,61295.3,Wunsiedel i. Fichtelgebirge
09561,4,11730,11730,Ansbach
09564,2,11,11,Nürnberg
09565,1,1,1,Schwabach
09571,78,155056.625,155056.625,Ansbach
09572,16,40451.5,40451.5,Erlangen-Höchstadt
09573,21,51915,51915,Fürth
09574,10,30700,30700,Nürnberger Land
09575,63,157701.2,157701.2,Neustadt a.d. Aisch-Bad Windsheim
09576,9,21541,21541,Roth
09577,56,102025.1,102025.1,Weißenburg-Gunzenhausen
09663,1,2000,2000,Würzburg
09671,3,7.5,7.5,Aschaffenburg
09672,46,127542,127542,Bad Kissingen
09673,24,71200,71200,Rhön-Grabfeld
09674,18,37151.98,37151.98,Haßberge
09675,16,27710,27710,Kitzingen
09676,12,25300,25300,Miltenberg
09677,45,94025,94025,Main-Spessart
09678,47,106013.25,106013.25,Schweinfurt
09679,67,141041,141041,Würzburg
09762,1,0.4,0.4,Kaufbeuren
09771,13,27612,27612,Aichach-Friedberg
09772,9,16703.53,16703.53,Augsburg
09773,12,24803.6,24803.6,Dillingen a.d. Donau
09774,7,7214.6,7214.6,Günzburg
09775,2,2010,2010,Neu-Ulm
09777,35,55374,55374,Ostallgäu
09778,13,6607.4,6607.4,Unterallgäu
09779,6,10147.7,10147.7,Donau-Ries
09780,20,26222.82,26222.82,Oberallgäu
10041,8,27760,27760,Regionalverband Saarbrücken
10042,73,185206,185206,Merzig-Wadern
10043,31,74960,74960,Neunkirchen
10044,17,51560,51560,Saarlouis
10045,9,16000.6,16000.6,Saarpfalz-Kreis
10046,84,188850.6,188850.6,St. Wendel
11000,10,16575.2,16575.2,Berlin
12052,33,64002,64002,Cottbus
12053,13,21600,21600,Frankfurt (Oder)
12054,39,71750,71750,Potsdam
12060,167,408564.6,408564.6,Barnim
12061,308,694950,694950,Dahme-Spreewald
12062,322,637471,637471,Elbe-Elster
12063,163,289859.2,289859.2,Havelland
12064,263,563536,563536,Märkisch-Oderland
12065,88,155088.6,155088.6,Oberhavel
12066,184,502375,502375,Oberspreewald-Lausitz
12067,199,502127.76,502127.76,Oder-Spree
12068,341,488376,488376,Ostprignitz-Ruppin
12069,221,492083.5,492083.5,Potsdam-Mittelmark
12070,544,1122041,1122041,Prignitz
12071,88,204433.75,204433.75,Spree-Neiße
12072,407,822670,822670,Teltow-Fläming
12073,664,1580072.4,1580072.4,Uckermark
13003,12,8801.12,8801.12,Rostock
13004,14,20000,20000,Schwerin
13071,324,708622.7,708622.7,Mecklenburgische Seenplatte
13072,332,738605.8,738605.8,Rostock
13073,290,479499.8,479499.8,Vorpommern-Rügen
13074,168,315105,315105,Nordwestmecklenburg
13075,400,709854.2,709854.2,Vorpommern-Greifswald
13076,335,728500,728500,Ludwigslust-Parchim
14511,10,13150,13150,Chemnitz
14521,76,87783.6,87783.6,Erzgebirgskreis
14522,198,269504.1,269504.1,Mittelsachsen
14523,21,35008,35008,Vogtlandkreis
14524,58,126070.2,126070.2,Zwickau
14612,1,600,600,Dresden
14625,95,140841.1,140841.1,Bautzen
14626,126,200742.6,200742.6,Görlitz
14627,82,176801,176801,Meißen
14628,53,42357.6,42357.6,Sächsische Schweiz-Osterzgebirge
14713,18,27000,27000,Leipzig
14729,80,102472.8,102472.8,Leipzig
14730,108,132375.73,132375.73,Nordsachsen
15001,13,17200,17200,Dessau-Roßlau
15002,26,53582.7,53582.7,Halle (Saale)
15003,6,15780,15780,Magdeburg
15081,218,412128.8,412128.8,Altmarkkreis Salzwedel
15082,245,465230,465230,Anhalt-Bitterfeld
15083,413,712485,712485,Börde
15084,241,514974,514974,Burgenlandkreis
15085,147,269960,269960,Harz
15086,149,291985,291985,Jerichower Land
15087,232,426297,426297,Mansfeld-Südharz
15088,205,364970.6,364970.6,Saalekreis
15089,378,704435,704435,Salzlandkreis
15090,352,833285,833285,Stendal
15091,132,240091.5,240091.5,Wittenberg
16051,36,47400,47400,Erfurt
16052,6,10650,10650,Gera
16056,31,62700,62700,Eisenach
16061,42,84000,84000,Eichsfeld
16062,33,83670,83670,Nordhausen
16063,60,93125,93125,Wartburgkreis
16064,116,243801.3,243801.3,Unstrut-Hainich-Kreis
16065,101,226000,226000,Kyffhäuserkreis
16066,2,601,601,Schmalkalden-Meiningen
16067,84,220529.7,220529.7,Gotha
16068,103,245277.5,245277.5,Sömmerda
16069,6,14454.199,14454.199,Hildburghausen
16070,9,6405,6405,Ilm-Kreis
16071,61,123910.49,123910.49,Weimarer Land
16072,1,10,10,Sonneberg
16073,6,8100.6,8100.6,Saalfeld-Rudolstadt
16074,67,132043,132043,Saale-Holzland-Kreis
16075,36,55138.8,55138.8,Saale-Orla-Kreis
16076,35,62659.5,62659.5,Greiz
16077,64,112431.5,112431.5,Altenburger Land
