AGS,Windgeschwindigkeit_ms
01001,8.83
01002,8.47
01003,8.19
01004,8.49
01051,9.27
01053,8.18
01054,9.52
01055,8.73
01056,8.49
01057,8.79
01058,8.86
01059,9.13
01060,8.49
01061,8.82
01062,8.28
02000,7.98
03101,7.75
03102,7.99
03103,7.96
03151,7.77
03153,7.65
03154,7.83
03155,6.76
03157,8.21
03158,7.74
03159,6.73
03241,7.93
03251,8.47
03252,7.47
03254,7.78
03255,7.3
03256,8.23
03257,8.02
03351,7.49
03352,8.86
03353,8.06
03354,7.78
03355,7.94
03356,8.51
03357,8.36
03358,7.81
03359,8.69
03360,7.85
03361,8.34
03401,8.32
03402,9.11
03403,8.24
03404,7.85
03405,8.97
03451,8.64
03452,9.14
03453,8.44
03454,8.38
03455,9.06
03456,8.37
03457,9.03
03458,8.35
03459,8.11
03460,8.29
03461,9.07
03462,9.16
04011,8.34
04012,8.81
05111,7.24
05112,7.58
05113,7.5
05114,7.72
05116,7.75
05117,7.4
05119,7.29
05120,7.45
05122,7.03
05124,7.54
05154,8.21
05158,7.48
05162,7.6
05166,7.82
05170,8.04
05314,6.57
05315,6.67
05316,6.76
05334,8.05
05358,7.69
05362,7.29
05366,7.73
05370,7.95
05374,7.26
05378,6.99
05382,6.88
05512,7.35
05513,7.14
05515,7.77
05554,8.2
05558,7.95
05562,7.35
05566,8.1
05570,7.93
05711,7.44
05754,7.61
05758,7.85
05762,7.3
05766,7.71
05770,8.14
05774,7.91
05911,7.4
05913,7.31
05914,7.48
05915,7.61
05916,7.15
05954,7.83
05958,7.59
05962,7.59
05966,6.99
05970,6.8
05974,7.99
05978,7.62
06411,6.19
06412,5.68
06413,5.64
06414,5.6
06431,6.05
06432,6.42
06433,5.99
06434,6.48
06435,6.28
06436,5.81
06437,6.47
06438,5.89
06439,6.39
06440,6.21
06531,6.26
06532,6.34
06533,6.1
06534,6.27
06535,7.12
06611,6.3
06631,6.9
06632,6.59
06633,6.86
06634,6.75
06635,6.83
06636,6.94
07111,6.1
07131,6.93
07132,6.92
07133,6.26
07134,6.67
07135,6.51
07137,6.51
07138,6.4
07140,7.12
07141,6.38
07143,7.08
07211,5.95
07231,6.53
07232,6.99
07233,7.21
07235,6.65
07311,5.97
07312,5.99
07313,6.45
07314,5.89
07315,6.02
07316,6.05
07317,6.91
07318,6.01
07319,6.31
07320,6.93
07331,6.78
07332,6.17
07333,6.8
07334,6.14
07335,6.42
07336,6.53
07337,6.33
07338,5.98
07339,6.37
07340,6.38
08111,5.62
08115,5.94
08116,5.74
08117,6.52
08118,5.95
08119,5.81
08121,5.92
08125,6.18
08126,6.67
08127,6.79
08128,6.7
08135,6.29
08136,6.67
08211,6.06
08212,6.12
08215,6.32
08216,6.02
08221,5.98
08222,5.73
08225,6.34
08226,6.11
08231,6.12
08235,5.87
08236,6.33
08237,5.95
08311,4.99
08315,5.55
08316,5.39
08317,5.53
08325,5.96
08326,5.96
08327,5.85
08335,5.17
08336,4.68
08337,5.49
08415,6.48
08416,5.45
08417,6.24
08421,5.99
08425,6.34
08426,6.19
08435,5.04
08436,5.98
08437,5.97
09161,5.8
09162,6.06
09163,4.2
09171,5.78
09172,4.56
09173,4.82
09174,6.57
09175,5.86
09176,6.22
09177,6.49
09178,6.48
09179,6.47
09180,4.88
09181,6.35
09182,5.39
09183,6.13
09184,5.91
09185,6.14
09186,6.33
09187,4.96
09188,5.74
09189,5.29
09190,5.5
09261,5.85
09262,4.36
09263,5.21
09271,4.87
09272,5.12
09273,6.04
09274,6.44
09275,5.3
09276,4.97
09277,6.28
09278,5.43
09279,6.07
09361,5.86
09362,5.6
09363,6.03
09371,6.28
09372,5.9
09373,6.78
09374,6.28
09375,5.91
09376,5.97
09377,6.39
09461,5.6
09462,6.1
09463,5.79
09464,7.3
09471,6.34
09472,6.6
09473,5.84
09474,6.47
09475,7.38
09476,6.28
09477,6.31
09478,6.32
09479,6.69
09561,7.11
09562,6.01
09563,6.14
09564,5.88
09565,6.16
09571,7.1
09572,6.26
09573,6.64
09574,6.27
09575,7
09576,6.45
09577,6.79
09661,5.7
09662,5.68
09663,6.12
09671,6.25
09672,6.07
09673,6.03
09674,6.21
09675,6.62
09676,6.05
09677,5.89
09678,6.25
09679,6.64
09761,6.22
09762,6.28
09763,5.5
09764,6.3
09771,6.44
09772,6.32
09773,6.19
09774,6.29
09775,6.11
09776,5.01
09777,6
09778,6.64
09779,6.41
09780,5.54
10041,6.35
10042,6.33
10043,6.61
10044,6.33
10045,6.7
10046,6.66
11000,7.27
12051,7.69
12052,7.57
12053,7.51
12054,7.65
12060,7.34
12061,7.29
12062,7.45
12063,7.9
12064,7.61
12065,7.59
12066,7.41
12067,7.21
12068,7.88
12069,7.52
12070,8.15
12071,7.39
12072,7.49
12073,7.94
13003,8.44
13004,8.35
13071,8.23
13072,8.47
13073,8.69
13074,8.63
13075,8.28
13076,8.14
14511,7.24
14521,7.21
14522,7.75
14523,7.06
14524,7.13
14612,6.68
14625,7.76
14626,7.66
14627,7.65
14628,7.51
14713,7.42
14729,7.59
14730,7.67
15001,7.32
15002,7.16
15003,7.58
15081,7.95
15082,7.63
15083,7.73
15084,7.48
15085,7.57
15086,7.64
15087,7.19
15088,7.59
15089,7.6
15090,8.05
15091,7.37
16051,6.79
16052,6.86
16053,6.66
16054,6.52
16055,7.28
16061,7.46
16062,6.42
16063,7.06
16064,6.93
16065,6.94
16066,6.49
16067,7.21
16068,6.68
16069,6.22
16070,6.92
16071,7.26
16072,6.35
16073,6.55
16074,6.83
16075,7.19
16076,7.23
16077,7.52
